<?xml version="1.0" encoding="UTF-8"?>
<!DOCTYPE mapper PUBLIC "-//mybatis.org//DTD Mapper 3.0//EN"
        "http://mybatis.org/dtd/mybatis-3-mapper.dtd">
<mapper namespace="volunteerNS">

    <resultMap id="volunteerResultMap" type="Volunteer">
        <id property="st_number" column="st_number"/>
        <result property="st_name" column="st_name"/>
        <result property="date" column="date"/>
        <result property="name" column="name"/>
        <result property="score" column="score"/>
        <result property="file" column="file"/>
    </resultMap>
    <!--实现数据的增加-->
    <insert id="doCreate" parameterType="Volunteer">
        INSERT INTO volunteer(st_number,st_name,date,name,score,file) VALUES (#{st_number},#{st_name},#{date},#{name},#{score},#{file})
    </insert>
    <!--查询学生账号名称-->
    <select id="findById" parameterType="String" resultMap="volunteerResultMap">
        SELECT st_number,st_name,date,name,score,file FROM volunteer WHERE st_number=#{st_number}
    </select>
    <!--查询全部数据-->
    <select id="findAll" parameterType="java.util.List" resultMap="volunteerResultMap">
        SELECT st_number,st_name,date,name,score,file FROM volunteer
    </select>
    <delete id="doRemove" parameterType="String">
        DELETE FROM volunteer WHERE st_number = #{st_number}
    </delete>
    <insert id="doConfirm" parameterType="Volunteer">
        INSERT INTO volunteer_confirm(st_number,st_name,date,name,score,file) VALUES (#{st_number},#{st_name},#{date},#{name},#{score},#{file})
    </insert>
    <select id="findConfirmAll" parameterType="java.util.List" resultMap="volunteerResultMap">
        SELECT st_number,st_name,date,name,score,file FROM volunteer_confirm
    </select>
    <delete id="doRemoveConfirm" parameterType="String">
        DELETE FROM volunteer_confirm WHERE st_number = #{st_number}
    </delete>
</mapper>