<?xml version="1.0" encoding="UTF-8"?>
<beans xmlns="http://www.springframework.org/schema/beans"
       xmlns:xsi="http://www.w3.org/2001/XMLSchema-instance"
       xmlns:p="http://www.springframework.org/schema/p"
       xmlns:tx="http://www.springframework.org/schema/tx"
       xmlns:aop="http://www.springframework.org/schema/aop"
       xmlns:context="http://www.springframework.org/schema/context"
       xmlns:mvc="http://www.springframework.org/schema/mvc"
       xsi:schemaLocation="
		http://www.springframework.org/schema/mvc
		http://www.springframework.org/schema/mvc/spring-mvc-4.1.xsd
		http://www.springframework.org/schema/aop
		http://www.springframework.org/schema/aop/spring-aop-4.1.xsd
		http://www.springframework.org/schema/beans
		http://www.springframework.org/schema/beans/spring-beans-4.1.xsd
		http://www.springframework.org/schema/context
		http://www.springframework.org/schema/context/spring-context-4.1.xsd
		http://www.springframework.org/schema/tx
		http://www.springframework.org/schema/tx/spring-tx.xsd">
    <context:annotation-config />
    <context:component-scan base-package="cn.edu.nchu"/>
    <context:property-placeholder location="classpath:database.properties" />
    <!-- 配置Spring MVC的Annotation支持 -->
    <mvc:annotation-driven />
    <bean id="messageSource"
          class="org.springframework.context.support.ResourceBundleMessageSource">
        <property name="basenames">
            <array>
                <value>Messages</value>
                <value>Pages</value>
            </array>
        </property>
    </bean>
    <bean id="dataSource" class="com.mchange.v2.c3p0.ComboPooledDataSource"
          destroy-method="close">
        <!-- 数据库的驱动程序 -->
        <property name="driverClass" value="${db.driverClass}" />
        <!-- 数据库的连接地址 -->
        <property name="jdbcUrl" value="${db.url}" />
        <!-- 数据库的用户名 -->
        <property name="user" value="${db.user}" />
        <!-- 数据库的连接密码 -->
        <property name="password" value="${db.password}" />
        <!-- 数据库最大的可用连接数目 -->
        <property name="maxPoolSize" value="1" />
        <!-- 数据库最小的可用连接数目 -->
        <property name="minPoolSize" value="1" />
        <!-- 初始化的连接数目 -->
        <property name="initialPoolSize" value="1" />
        <!-- 连接如果已经满了之后等待空闲连接的时间 -->
        <property name="maxIdleTime" value="20" />
    </bean>
    <bean id="sqlSessionFactory" class="org.mybatis.spring.SqlSessionFactoryBean">
        <property name="dataSource" ref="dataSource"/>
        <property name="configLocation" value="classpath:mybatis.cfg.xml"/>
    </bean>
    <bean id="transactionManager"
          class="org.springframework.jdbc.datasource.DataSourceTransactionManager">
        <property name="dataSource" ref="dataSource" />
    </bean>

    <bean id="multipartResolver" class="org.springframework.web.multipart.commons.CommonsMultipartResolver">
        <property name="maxUploadSize" value="1000000" />
        <property name="maxInMemorySize" value="1000000" />
    </bean>
    <tx:annotation-driven transaction-manager="transactionManager" />
    <tx:advice id="txAdvice" transaction-manager="transactionManager">
        <!-- 定义所有事务的传统属性，这些方法都属于服务层的操作方法 -->
        <tx:attributes>
            <tx:method name="insert*" propagation="REQUIRED" />
            <tx:method name="login*" propagation="REQUIRED" />
            <tx:method name="update*" propagation="REQUIRED" />
            <tx:method name="delete*" propagation="REQUIRED" />
            <tx:method name="add*" propagation="REQUIRED" />
            <tx:method name="new*" propagation="REQUIRED" />
            <tx:method name="set*" propagation="REQUIRED" />
            <tx:method name="change*" propagation="REQUIRED" />
            <tx:method name="edit*" propagation="REQUIRED" />
            <tx:method name="remove*" propagation="REQUIRED" />
            <tx:method name="confirm*" propagation="REQUIRED" />
            <tx:method name="get*" propagation="REQUIRED" read-only="true" />
            <tx:method name="find*" propagation="REQUIRED" read-only="false"/>
            <tx:method name="list*" propagation="REQUIRED" read-only="true" />
            <tx:method name="load*" propagation="REQUIRED" read-only="true" />
            <tx:method name="exists*" propagation="REQUIRED" read-only="true" />
            <tx:method name="*" propagation="REQUIRED" read-only="true" />
        </tx:attributes>
    </tx:advice>
    <aop:config expose-proxy="true">
        <aop:pointcut expression="execution(* cn.edu.nchu..service..*.*(..))"
                      id="txPointcut" />
        <aop:advisor advice-ref="txAdvice" pointcut-ref="txPointcut" />
    </aop:config>
</beans>