<?xml version="1.0" encoding="UTF-8"?>
<!DOCTYPE mapper PUBLIC "-//mybatis.org//DTD Mapper 3.0//EN"
        "http://mybatis.org/dtd/mybatis-3-mapper.dtd">
<mapper namespace="boardNS">

    <resultMap id="boardResultMap" type="Board">
        <id property="title" column="title"/>
        <result property="name" column="name"/>
        <result property="content" column="content"/>
        <result property="date" column="date"/>
    </resultMap>
    <!--实现数据的增加-->
    <insert id="doCreate" parameterType="Board">
        INSERT INTO board(title,name,content,date) VALUES (#{title},#{name},#{content},#{date})
    </insert>
    <!--查询学生账号名称-->
    <select id="findById" parameterType="String" resultMap="boardResultMap">
        SELECT title,name,content,date FROM board WHERE title=#{title}
    </select>
    <!--查询全部数据-->
    <select id="findAll" parameterType="java.util.List" resultMap="boardResultMap">
        SELECT title,name,content,date FROM board
    </select>
    <delete id="doremove" parameterType="String">
        DELETE FROM board WHERE title = #{title}
    </delete>
</mapper>