<?xml version="1.0" encoding="UTF-8"?>
<!DOCTYPE mapper PUBLIC "-//mybatis.org//DTD Mapper 3.0//EN"
        "http://mybatis.org/dtd/mybatis-3-mapper.dtd">
<mapper namespace="sanxiaoNS">

    <resultMap id="sanxiaoResultMap" type="Sanxiao">
        <id property="st_number" column="st_number"/>
        <result property="st_name" column="st_name"/>
        <result property="name" column="name"/>
        <result property="message" column="message"/>
        <result property="file" column="file"/>
    </resultMap>
    <!--实现数据的增加-->
    <insert id="doCreate" parameterType="Sanxiao">
        INSERT INTO sanxiao(st_number,st_name,name,message,file) VALUES (#{st_number},#{st_name},#{name},#{message},#{file})
    </insert>
    <!--查询学生账号名称-->
    <select id="findById" parameterType="String" resultMap="sanxiaoResultMap">
        SELECT st_number,st_name,name,message,file FROM sanxiao WHERE st_number=#{st_number}
    </select>
    <!--查询全部数据-->
    <select id="findAll" parameterType="java.util.List" resultMap="sanxiaoResultMap">
        SELECT st_number,st_name,name,message,file FROM sanxiao
    </select>
    <delete id="doremove" parameterType="String">
        DELETE FROM sanxiao WHERE st_number = #{st_number}
    </delete>
</mapper>